video_name,tag
actioncliptrain00126.avi,AnswerPhone
actioncliptrain00146.avi,AnswerPhone
actioncliptrain00147.avi,AnswerPhone
actioncliptrain00188.avi,AnswerPhone
actioncliptrain00191.avi,AnswerPhone
actioncliptrain00198.avi,AnswerPhone
actioncliptrain00204.avi,AnswerPhone
actioncliptrain00208.avi,AnswerPhone
actioncliptrain00216.avi,AnswerPhone
actioncliptrain00290.avi,AnswerPhone
actioncliptrain00328.avi,AnswerPhone
actioncliptrain00329.avi,AnswerPhone
actioncliptrain00333.avi,AnswerPhone
actioncliptrain00340.avi,AnswerPhone
actioncliptrain00343.avi,AnswerPhone
actioncliptrain00348.avi,AnswerPhone
actioncliptrain00351.avi,AnswerPhone
actioncliptrain00441.avi,AnswerPhone
actioncliptrain00444.avi,AnswerPhone
actioncliptrain00450.avi,AnswerPhone
actioncliptrain00466.avi,AnswerPhone
actioncliptrain00468.avi,AnswerPhone
actioncliptrain00518.avi,AnswerPhone
actioncliptrain00523.avi,AnswerPhone
actioncliptrain00536.avi,AnswerPhone
actioncliptrain00537.avi,AnswerPhone
actioncliptrain00538.avi,AnswerPhone
actioncliptrain00542.avi,AnswerPhone
actioncliptrain00544.avi,AnswerPhone
actioncliptrain00548.avi,AnswerPhone
actioncliptrain00549.avi,AnswerPhone
actioncliptrain00564.avi,AnswerPhone
actioncliptrain00596.avi,AnswerPhone
actioncliptrain00614.avi,AnswerPhone
actioncliptrain00615.avi,AnswerPhone
actioncliptrain00633.avi,AnswerPhone
actioncliptrain00635.avi,AnswerPhone
actioncliptrain00671.avi,AnswerPhone
actioncliptrain00700.avi,AnswerPhone
actioncliptrain00701.avi,AnswerPhone
actioncliptrain00714.avi,AnswerPhone
actioncliptrain00717.avi,AnswerPhone
actioncliptrain00757.avi,AnswerPhone
actioncliptrain00758.avi,AnswerPhone
actioncliptrain00759.avi,AnswerPhone
actioncliptrain00773.avi,AnswerPhone
actioncliptrain00778.avi,AnswerPhone
actioncliptrain00789.avi,AnswerPhone
actioncliptrain00790.avi,AnswerPhone
actioncliptrain00791.avi,AnswerPhone
actioncliptrain00792.avi,AnswerPhone
actioncliptrain00794.avi,AnswerPhone
actioncliptrain00806.avi,AnswerPhone
actioncliptrain00808.avi,AnswerPhone
actioncliptrain00810.avi,AnswerPhone
actioncliptrain00816.avi,AnswerPhone
actioncliptrain00819.avi,AnswerPhone
actioncliptrain00820.avi,AnswerPhone
actioncliptrain00822.avi,AnswerPhone
actioncliptrain00111.avi,DriveCar
actioncliptrain00119.avi,DriveCar
actioncliptrain00140.avi,DriveCar
actioncliptrain00162.avi,DriveCar
actioncliptrain00190.avi,DriveCar
actioncliptrain00239.avi,DriveCar
actioncliptrain00240.avi,DriveCar
actioncliptrain00241.avi,DriveCar
actioncliptrain00245.avi,DriveCar
actioncliptrain00249.avi,DriveCar
actioncliptrain00254.avi,DriveCar
actioncliptrain00264.avi,DriveCar
actioncliptrain00291.avi,DriveCar
actioncliptrain00297.avi,DriveCar
actioncliptrain00298.avi,DriveCar
actioncliptrain00300.avi,DriveCar
actioncliptrain00303.avi,DriveCar
actioncliptrain00304.avi,DriveCar
actioncliptrain00305.avi,DriveCar
actioncliptrain00306.avi,DriveCar
actioncliptrain00307.avi,DriveCar
actioncliptrain00308.avi,DriveCar
actioncliptrain00309.avi,DriveCar
actioncliptrain00312.avi,DriveCar
actioncliptrain00327.avi,DriveCar
actioncliptrain00331.avi,DriveCar
actioncliptrain00334.avi,DriveCar
actioncliptrain00347.avi,DriveCar
actioncliptrain00366.avi,DriveCar
actioncliptrain00445.avi,DriveCar
actioncliptrain00460.avi,DriveCar
actioncliptrain00461.avi,DriveCar
actioncliptrain00492.avi,DriveCar
actioncliptrain00493.avi,DriveCar
actioncliptrain00495.avi,DriveCar
actioncliptrain00497.avi,DriveCar
actioncliptrain00500.avi,DriveCar
actioncliptrain00501.avi,DriveCar
actioncliptrain00504.avi,DriveCar
actioncliptrain00516.avi,DriveCar
actioncliptrain00517.avi,DriveCar
actioncliptrain00519.avi,DriveCar
actioncliptrain00521.avi,DriveCar
actioncliptrain00525.avi,DriveCar
actioncliptrain00526.avi,DriveCar
actioncliptrain00552.avi,DriveCar
actioncliptrain00558.avi,DriveCar
actioncliptrain00561.avi,DriveCar
actioncliptrain00565.avi,DriveCar
actioncliptrain00569.avi,DriveCar
actioncliptrain00576.avi,DriveCar
actioncliptrain00597.avi,DriveCar
actioncliptrain00598.avi,DriveCar
actioncliptrain00599.avi,DriveCar
actioncliptrain00617.avi,DriveCar
actioncliptrain00622.avi,DriveCar
actioncliptrain00647.avi,DriveCar
actioncliptrain00648.avi,DriveCar
actioncliptrain00666.avi,DriveCar
actioncliptrain00668.avi,DriveCar
actioncliptrain00673.avi,DriveCar
actioncliptrain00674.avi,DriveCar
actioncliptrain00742.avi,DriveCar
actioncliptrain00745.avi,DriveCar
actioncliptrain00747.avi,DriveCar
actioncliptrain00748.avi,DriveCar
actioncliptrain00749.avi,DriveCar
actioncliptrain00750.avi,DriveCar
actioncliptrain00751.avi,DriveCar
actioncliptrain00134.avi,Eat
actioncliptrain00135.avi,Eat
actioncliptrain00141.avi,Eat
actioncliptrain00142.avi,Eat
actioncliptrain00192.avi,Eat
actioncliptrain00194.avi,Eat
actioncliptrain00195.avi,Eat
actioncliptrain00226.avi,Eat
actioncliptrain00252.avi,Eat
actioncliptrain00265.avi,Eat
actioncliptrain00277.avi,Eat
actioncliptrain00278.avi,Eat
actioncliptrain00355.avi,Eat
actioncliptrain00429.avi,Eat
actioncliptrain00446.avi,Eat
actioncliptrain00453.avi,Eat
actioncliptrain00454.avi,Eat
actioncliptrain00455.avi,Eat
actioncliptrain00456.avi,Eat
actioncliptrain00463.avi,Eat
actioncliptrain00465.avi,Eat
actioncliptrain00488.avi,Eat
actioncliptrain00491.avi,Eat
actioncliptrain00494.avi,Eat
actioncliptrain00575.avi,Eat
actioncliptrain00611.avi,Eat
actioncliptrain00629.avi,Eat
actioncliptrain00644.avi,Eat
actioncliptrain00665.avi,Eat
actioncliptrain00754.avi,Eat
actioncliptrain00779.avi,Eat
actioncliptrain00783.avi,Eat
actioncliptrain00798.avi,Eat
actioncliptrain00811.avi,Eat
actioncliptrain00107.avi,FightPerson
actioncliptrain00113.avi,FightPerson
actioncliptrain00114.avi,FightPerson
actioncliptrain00118.avi,FightPerson
actioncliptrain00125.avi,FightPerson
actioncliptrain00131.avi,FightPerson
actioncliptrain00133.avi,FightPerson
actioncliptrain00137.avi,FightPerson
actioncliptrain00172.avi,FightPerson
actioncliptrain00196.avi,FightPerson
actioncliptrain00201.avi,FightPerson
actioncliptrain00234.avi,FightPerson
actioncliptrain00235.avi,FightPerson
actioncliptrain00236.avi,FightPerson
actioncliptrain00294.avi,FightPerson
actioncliptrain00374.avi,FightPerson
actioncliptrain00383.avi,FightPerson
actioncliptrain00405.avi,FightPerson
actioncliptrain00467.avi,FightPerson
actioncliptrain00475.avi,FightPerson
actioncliptrain00533.avi,FightPerson
actioncliptrain00580.avi,FightPerson
actioncliptrain00586.avi,FightPerson
actioncliptrain00587.avi,FightPerson
actioncliptrain00588.avi,FightPerson
actioncliptrain00660.avi,FightPerson
actioncliptrain00672.avi,FightPerson
actioncliptrain00684.avi,FightPerson
actioncliptrain00713.avi,FightPerson
actioncliptrain00715.avi,FightPerson
actioncliptrain00724.avi,FightPerson
actioncliptrain00725.avi,FightPerson
actioncliptrain00732.avi,FightPerson
actioncliptrain00733.avi,FightPerson
actioncliptrain00735.avi,FightPerson
actioncliptrain00736.avi,FightPerson
actioncliptrain00764.avi,FightPerson
actioncliptrain00795.avi,FightPerson
actioncliptrain00800.avi,FightPerson
actioncliptrain00801.avi,FightPerson
actioncliptrain00802.avi,FightPerson
actioncliptrain00804.avi,FightPerson
actioncliptrain00812.avi,FightPerson
actioncliptrain00813.avi,FightPerson
actioncliptrain00814.avi,FightPerson
actioncliptrain00815.avi,FightPerson
actioncliptrain00817.avi,FightPerson
actioncliptrain00818.avi,FightPerson
actioncliptrain00120.avi,GetOutCar
actioncliptrain00121.avi,GetOutCar
actioncliptrain00189.avi,GetOutCar
actioncliptrain00228.avi,GetOutCar
actioncliptrain00229.avi,GetOutCar
actioncliptrain00241.avi,GetOutCar
actioncliptrain00248.avi,GetOutCar
actioncliptrain00250.avi,GetOutCar
actioncliptrain00284.avi,GetOutCar
actioncliptrain00292.avi,GetOutCar
actioncliptrain00301.avi,GetOutCar
actioncliptrain00310.avi,GetOutCar
actioncliptrain00311.avi,GetOutCar
actioncliptrain00332.avi,GetOutCar
actioncliptrain00335.avi,GetOutCar
actioncliptrain00337.avi,GetOutCar
actioncliptrain00374.avi,GetOutCar
actioncliptrain00442.avi,GetOutCar
actioncliptrain00443.avi,GetOutCar
actioncliptrain00451.avi,GetOutCar
actioncliptrain00462.avi,GetOutCar
actioncliptrain00470.avi,GetOutCar
actioncliptrain00471.avi,GetOutCar
actioncliptrain00520.avi,GetOutCar
actioncliptrain00522.avi,GetOutCar
actioncliptrain00527.avi,GetOutCar
actioncliptrain00541.avi,GetOutCar
actioncliptrain00560.avi,GetOutCar
actioncliptrain00562.avi,GetOutCar
actioncliptrain00571.avi,GetOutCar
actioncliptrain00627.avi,GetOutCar
actioncliptrain00650.avi,GetOutCar
actioncliptrain00677.avi,GetOutCar
actioncliptrain00678.avi,GetOutCar
actioncliptrain00686.avi,GetOutCar
actioncliptrain00687.avi,GetOutCar
actioncliptrain00688.avi,GetOutCar
actioncliptrain00691.avi,GetOutCar
actioncliptrain00706.avi,GetOutCar
actioncliptrain00707.avi,GetOutCar
actioncliptrain00719.avi,GetOutCar
actioncliptrain00743.avi,GetOutCar
actioncliptrain00746.avi,GetOutCar
actioncliptrain00755.avi,GetOutCar
actioncliptrain00756.avi,GetOutCar
actioncliptrain00761.avi,GetOutCar
actioncliptrain00148.avi,HandShake
actioncliptrain00169.avi,HandShake
actioncliptrain00187.avi,HandShake
actioncliptrain00242.avi,HandShake
actioncliptrain00246.avi,HandShake
actioncliptrain00260.avi,HandShake
actioncliptrain00261.avi,HandShake
actioncliptrain00266.avi,HandShake
actioncliptrain00267.avi,HandShake
actioncliptrain00268.avi,HandShake
actioncliptrain00269.avi,HandShake
actioncliptrain00359.avi,HandShake
actioncliptrain00379.avi,HandShake
actioncliptrain00380.avi,HandShake
actioncliptrain00381.avi,HandShake
actioncliptrain00382.avi,HandShake
actioncliptrain00402.avi,HandShake
actioncliptrain00478.avi,HandShake
actioncliptrain00483.avi,HandShake
actioncliptrain00484.avi,HandShake
actioncliptrain00572.avi,HandShake
actioncliptrain00573.avi,HandShake
actioncliptrain00581.avi,HandShake
actioncliptrain00593.avi,HandShake
actioncliptrain00636.avi,HandShake
actioncliptrain00696.avi,HandShake
actioncliptrain00799.avi,HandShake
actioncliptrain00108.avi,HugPerson
actioncliptrain00122.avi,HugPerson
actioncliptrain00127.avi,HugPerson
actioncliptrain00145.avi,HugPerson
actioncliptrain00174.avi,HugPerson
actioncliptrain00182.avi,HugPerson
actioncliptrain00211.avi,HugPerson
actioncliptrain00230.avi,HugPerson
actioncliptrain00251.avi,HugPerson
actioncliptrain00258.avi,HugPerson
actioncliptrain00259.avi,HugPerson
actioncliptrain00261.avi,HugPerson
actioncliptrain00270.avi,HugPerson
actioncliptrain00275.avi,HugPerson
actioncliptrain00279.avi,HugPerson
actioncliptrain00287.avi,HugPerson
actioncliptrain00296.avi,HugPerson
actioncliptrain00320.avi,HugPerson
actioncliptrain00321.avi,HugPerson
actioncliptrain00323.avi,HugPerson
actioncliptrain00353.avi,HugPerson
actioncliptrain00365.avi,HugPerson
actioncliptrain00375.avi,HugPerson
actioncliptrain00376.avi,HugPerson
actioncliptrain00387.avi,HugPerson
actioncliptrain00404.avi,HugPerson
actioncliptrain00407.avi,HugPerson
actioncliptrain00414.avi,HugPerson
actioncliptrain00437.avi,HugPerson
actioncliptrain00459.avi,HugPerson
actioncliptrain00476.avi,HugPerson
actioncliptrain00477.avi,HugPerson
actioncliptrain00502.avi,HugPerson
actioncliptrain00503.avi,HugPerson
actioncliptrain00510.avi,HugPerson
actioncliptrain00577.avi,HugPerson
actioncliptrain00594.avi,HugPerson
actioncliptrain00609.avi,HugPerson
actioncliptrain00620.avi,HugPerson
actioncliptrain00631.avi,HugPerson
actioncliptrain00636.avi,HugPerson
actioncliptrain00638.avi,HugPerson
actioncliptrain00653.avi,HugPerson
actioncliptrain00664.avi,HugPerson
actioncliptrain00696.avi,HugPerson
actioncliptrain00702.avi,HugPerson
actioncliptrain00729.avi,HugPerson
actioncliptrain00740.avi,HugPerson
actioncliptrain00762.avi,HugPerson
actioncliptrain00768.avi,HugPerson
actioncliptrain00772.avi,HugPerson
actioncliptrain00775.avi,HugPerson
actioncliptrain00784.avi,HugPerson
actioncliptrain00785.avi,HugPerson
actioncliptrain00786.avi,HugPerson
actioncliptrain00796.avi,HugPerson
actioncliptrain00797.avi,HugPerson
actioncliptrain00811.avi,HugPerson
actioncliptrain00105.avi,Kiss
actioncliptrain00110.avi,Kiss
actioncliptrain00124.avi,Kiss
actioncliptrain00129.avi,Kiss
actioncliptrain00139.avi,Kiss
actioncliptrain00144.avi,Kiss
actioncliptrain00163.avi,Kiss
actioncliptrain00164.avi,Kiss
actioncliptrain00165.avi,Kiss
actioncliptrain00166.avi,Kiss
actioncliptrain00175.avi,Kiss
actioncliptrain00180.avi,Kiss
actioncliptrain00181.avi,Kiss
actioncliptrain00183.avi,Kiss
actioncliptrain00203.avi,Kiss
actioncliptrain00204.avi,Kiss
actioncliptrain00210.avi,Kiss
actioncliptrain00211.avi,Kiss
actioncliptrain00223.avi,Kiss
actioncliptrain00224.avi,Kiss
actioncliptrain00225.avi,Kiss
actioncliptrain00230.avi,Kiss
actioncliptrain00231.avi,Kiss
actioncliptrain00238.avi,Kiss
actioncliptrain00244.avi,Kiss
actioncliptrain00247.avi,Kiss
actioncliptrain00259.avi,Kiss
actioncliptrain00285.avi,Kiss
actioncliptrain00296.avi,Kiss
actioncliptrain00313.avi,Kiss
actioncliptrain00314.avi,Kiss
actioncliptrain00315.avi,Kiss
actioncliptrain00316.avi,Kiss
actioncliptrain00320.avi,Kiss
actioncliptrain00323.avi,Kiss
actioncliptrain00336.avi,Kiss
actioncliptrain00338.avi,Kiss
actioncliptrain00344.avi,Kiss
actioncliptrain00376.avi,Kiss
actioncliptrain00410.avi,Kiss
actioncliptrain00411.avi,Kiss
actioncliptrain00414.avi,Kiss
actioncliptrain00433.avi,Kiss
actioncliptrain00434.avi,Kiss
actioncliptrain00449.avi,Kiss
actioncliptrain00452.avi,Kiss
actioncliptrain00469.avi,Kiss
actioncliptrain00473.avi,Kiss
actioncliptrain00474.avi,Kiss
actioncliptrain00490.avi,Kiss
actioncliptrain00509.avi,Kiss
actioncliptrain00513.avi,Kiss
actioncliptrain00531.avi,Kiss
actioncliptrain00568.avi,Kiss
actioncliptrain00570.avi,Kiss
actioncliptrain00574.avi,Kiss
actioncliptrain00583.avi,Kiss
actioncliptrain00584.avi,Kiss
actioncliptrain00585.avi,Kiss
actioncliptrain00589.avi,Kiss
actioncliptrain00590.avi,Kiss
actioncliptrain00595.avi,Kiss
actioncliptrain00600.avi,Kiss
actioncliptrain00601.avi,Kiss
actioncliptrain00603.avi,Kiss
actioncliptrain00604.avi,Kiss
actioncliptrain00605.avi,Kiss
actioncliptrain00606.avi,Kiss
actioncliptrain00607.avi,Kiss
actioncliptrain00608.avi,Kiss
actioncliptrain00609.avi,Kiss
actioncliptrain00610.avi,Kiss
actioncliptrain00621.avi,Kiss
actioncliptrain00623.avi,Kiss
actioncliptrain00626.avi,Kiss
actioncliptrain00630.avi,Kiss
actioncliptrain00631.avi,Kiss
actioncliptrain00632.avi,Kiss
actioncliptrain00658.avi,Kiss
actioncliptrain00659.avi,Kiss
actioncliptrain00661.avi,Kiss
actioncliptrain00696.avi,Kiss
actioncliptrain00702.avi,Kiss
actioncliptrain00710.avi,Kiss
actioncliptrain00729.avi,Kiss
actioncliptrain00738.avi,Kiss
actioncliptrain00739.avi,Kiss
actioncliptrain00740.avi,Kiss
actioncliptrain00762.avi,Kiss
actioncliptrain00763.avi,Kiss
actioncliptrain00768.avi,Kiss
actioncliptrain00769.avi,Kiss
actioncliptrain00772.avi,Kiss
actioncliptrain00775.avi,Kiss
actioncliptrain00785.avi,Kiss
actioncliptrain00786.avi,Kiss
actioncliptrain00106.avi,Run
actioncliptrain00109.avi,Run
actioncliptrain00112.avi,Run
actioncliptrain00113.avi,Run
actioncliptrain00116.avi,Run
actioncliptrain00123.avi,Run
actioncliptrain00130.avi,Run
actioncliptrain00132.avi,Run
actioncliptrain00149.avi,Run
actioncliptrain00185.avi,Run
actioncliptrain00197.avi,Run
actioncliptrain00199.avi,Run
actioncliptrain00205.avi,Run
actioncliptrain00206.avi,Run
actioncliptrain00212.avi,Run
actioncliptrain00213.avi,Run
actioncliptrain00214.avi,Run
actioncliptrain00215.avi,Run
actioncliptrain00217.avi,Run
actioncliptrain00218.avi,Run
actioncliptrain00219.avi,Run
actioncliptrain00220.avi,Run
actioncliptrain00221.avi,Run
actioncliptrain00241.avi,Run
actioncliptrain00243.avi,Run
actioncliptrain00257.avi,Run
actioncliptrain00276.avi,Run
actioncliptrain00281.avi,Run
actioncliptrain00282.avi,Run
actioncliptrain00286.avi,Run
actioncliptrain00287.avi,Run
actioncliptrain00288.avi,Run
actioncliptrain00293.avi,Run
actioncliptrain00299.avi,Run
actioncliptrain00360.avi,Run
actioncliptrain00361.avi,Run
actioncliptrain00362.avi,Run
actioncliptrain00363.avi,Run
actioncliptrain00364.avi,Run
actioncliptrain00366.avi,Run
actioncliptrain00367.avi,Run
actioncliptrain00368.avi,Run
actioncliptrain00369.avi,Run
actioncliptrain00370.avi,Run
actioncliptrain00371.avi,Run
actioncliptrain00373.avi,Run
actioncliptrain00377.avi,Run
actioncliptrain00378.avi,Run
actioncliptrain00387.avi,Run
actioncliptrain00388.avi,Run
actioncliptrain00389.avi,Run
actioncliptrain00390.avi,Run
actioncliptrain00391.avi,Run
actioncliptrain00392.avi,Run
actioncliptrain00393.avi,Run
actioncliptrain00394.avi,Run
actioncliptrain00395.avi,Run
actioncliptrain00397.avi,Run
actioncliptrain00398.avi,Run
actioncliptrain00399.avi,Run
actioncliptrain00403.avi,Run
actioncliptrain00412.avi,Run
actioncliptrain00415.avi,Run
actioncliptrain00416.avi,Run
actioncliptrain00417.avi,Run
actioncliptrain00418.avi,Run
actioncliptrain00419.avi,Run
actioncliptrain00420.avi,Run
actioncliptrain00421.avi,Run
actioncliptrain00422.avi,Run
actioncliptrain00423.avi,Run
actioncliptrain00424.avi,Run
actioncliptrain00425.avi,Run
actioncliptrain00426.avi,Run
actioncliptrain00427.avi,Run
actioncliptrain00428.avi,Run
actioncliptrain00430.avi,Run
actioncliptrain00431.avi,Run
actioncliptrain00472.avi,Run
actioncliptrain00489.avi,Run
actioncliptrain00496.avi,Run
actioncliptrain00498.avi,Run
actioncliptrain00499.avi,Run
actioncliptrain00511.avi,Run
actioncliptrain00514.avi,Run
actioncliptrain00515.avi,Run
actioncliptrain00520.avi,Run
actioncliptrain00522.avi,Run
actioncliptrain00524.avi,Run
actioncliptrain00528.avi,Run
actioncliptrain00529.avi,Run
actioncliptrain00530.avi,Run
actioncliptrain00532.avi,Run
actioncliptrain00534.avi,Run
actioncliptrain00535.avi,Run
actioncliptrain00540.avi,Run
actioncliptrain00579.avi,Run
actioncliptrain00591.avi,Run
actioncliptrain00612.avi,Run
actioncliptrain00643.avi,Run
actioncliptrain00645.avi,Run
actioncliptrain00649.avi,Run
actioncliptrain00650.avi,Run
actioncliptrain00655.avi,Run
actioncliptrain00670.avi,Run
actioncliptrain00680.avi,Run
actioncliptrain00681.avi,Run
actioncliptrain00682.avi,Run
actioncliptrain00683.avi,Run
actioncliptrain00685.avi,Run
actioncliptrain00692.avi,Run
actioncliptrain00693.avi,Run
actioncliptrain00697.avi,Run
actioncliptrain00718.avi,Run
actioncliptrain00721.avi,Run
actioncliptrain00722.avi,Run
actioncliptrain00723.avi,Run
actioncliptrain00730.avi,Run
actioncliptrain00731.avi,Run
actioncliptrain00732.avi,Run
actioncliptrain00733.avi,Run
actioncliptrain00735.avi,Run
actioncliptrain00736.avi,Run
actioncliptrain00752.avi,Run
actioncliptrain00766.avi,Run
actioncliptrain00780.avi,Run
actioncliptrain00793.avi,Run
actioncliptrain00125.avi,SitDown
actioncliptrain00128.avi,SitDown
actioncliptrain00134.avi,SitDown
actioncliptrain00150.avi,SitDown
actioncliptrain00151.avi,SitDown
actioncliptrain00152.avi,SitDown
actioncliptrain00154.avi,SitDown
actioncliptrain00155.avi,SitDown
actioncliptrain00157.avi,SitDown
actioncliptrain00159.avi,SitDown
actioncliptrain00160.avi,SitDown
actioncliptrain00161.avi,SitDown
actioncliptrain00167.avi,SitDown
actioncliptrain00173.avi,SitDown
actioncliptrain00178.avi,SitDown
actioncliptrain00179.avi,SitDown
actioncliptrain00184.avi,SitDown
actioncliptrain00186.avi,SitDown
actioncliptrain00195.avi,SitDown
actioncliptrain00200.avi,SitDown
actioncliptrain00202.avi,SitDown
actioncliptrain00207.avi,SitDown
actioncliptrain00209.avi,SitDown
actioncliptrain00233.avi,SitDown
actioncliptrain00238.avi,SitDown
actioncliptrain00253.avi,SitDown
actioncliptrain00263.avi,SitDown
actioncliptrain00271.avi,SitDown
actioncliptrain00277.avi,SitDown
actioncliptrain00289.avi,SitDown
actioncliptrain00302.avi,SitDown
actioncliptrain00317.avi,SitDown
actioncliptrain00318.avi,SitDown
actioncliptrain00319.avi,SitDown
actioncliptrain00339.avi,SitDown
actioncliptrain00346.avi,SitDown
actioncliptrain00349.avi,SitDown
actioncliptrain00350.avi,SitDown
actioncliptrain00352.avi,SitDown
actioncliptrain00357.avi,SitDown
actioncliptrain00358.avi,SitDown
actioncliptrain00384.avi,SitDown
actioncliptrain00385.avi,SitDown
actioncliptrain00400.avi,SitDown
actioncliptrain00409.avi,SitDown
actioncliptrain00413.avi,SitDown
actioncliptrain00432.avi,SitDown
actioncliptrain00436.avi,SitDown
actioncliptrain00440.avi,SitDown
actioncliptrain00448.avi,SitDown
actioncliptrain00457.avi,SitDown
actioncliptrain00464.avi,SitDown
actioncliptrain00479.avi,SitDown
actioncliptrain00481.avi,SitDown
actioncliptrain00485.avi,SitDown
actioncliptrain00487.avi,SitDown
actioncliptrain00543.avi,SitDown
actioncliptrain00546.avi,SitDown
actioncliptrain00553.avi,SitDown
actioncliptrain00555.avi,SitDown
actioncliptrain00563.avi,SitDown
actioncliptrain00578.avi,SitDown
actioncliptrain00592.avi,SitDown
actioncliptrain00602.avi,SitDown
actioncliptrain00613.avi,SitDown
actioncliptrain00618.avi,SitDown
actioncliptrain00619.avi,SitDown
actioncliptrain00624.avi,SitDown
actioncliptrain00628.avi,SitDown
actioncliptrain00637.avi,SitDown
actioncliptrain00642.avi,SitDown
actioncliptrain00652.avi,SitDown
actioncliptrain00662.avi,SitDown
actioncliptrain00667.avi,SitDown
actioncliptrain00676.avi,SitDown
actioncliptrain00679.avi,SitDown
actioncliptrain00690.avi,SitDown
actioncliptrain00694.avi,SitDown
actioncliptrain00699.avi,SitDown
actioncliptrain00700.avi,SitDown
actioncliptrain00703.avi,SitDown
actioncliptrain00705.avi,SitDown
actioncliptrain00709.avi,SitDown
actioncliptrain00711.avi,SitDown
actioncliptrain00713.avi,SitDown
actioncliptrain00726.avi,SitDown
actioncliptrain00727.avi,SitDown
actioncliptrain00739.avi,SitDown
actioncliptrain00741.avi,SitDown
actioncliptrain00753.avi,SitDown
actioncliptrain00771.avi,SitDown
actioncliptrain00776.avi,SitDown
actioncliptrain00781.avi,SitDown
actioncliptrain00784.avi,SitDown
actioncliptrain00788.avi,SitDown
actioncliptrain00115.avi,SitUp
actioncliptrain00232.avi,SitUp
actioncliptrain00262.avi,SitUp
actioncliptrain00396.avi,SitUp
actioncliptrain00401.avi,SitUp
actioncliptrain00406.avi,SitUp
actioncliptrain00505.avi,SitUp
actioncliptrain00507.avi,SitUp
actioncliptrain00639.avi,SitUp
actioncliptrain00646.avi,SitUp
actioncliptrain00669.avi,SitUp
actioncliptrain00709.avi,SitUp
actioncliptrain00744.avi,SitUp
actioncliptrain00777.avi,SitUp
actioncliptrain00807.avi,SitUp
actioncliptrain00821.avi,SitUp
actioncliptrain00102.avi,StandUp
actioncliptrain00103.avi,StandUp
actioncliptrain00104.avi,StandUp
actioncliptrain00117.avi,StandUp
actioncliptrain00118.avi,StandUp
actioncliptrain00136.avi,StandUp
actioncliptrain00137.avi,StandUp
actioncliptrain00138.avi,StandUp
actioncliptrain00143.avi,StandUp
actioncliptrain00153.avi,StandUp
actioncliptrain00156.avi,StandUp
actioncliptrain00158.avi,StandUp
actioncliptrain00168.avi,StandUp
actioncliptrain00170.avi,StandUp
actioncliptrain00171.avi,StandUp
actioncliptrain00176.avi,StandUp
actioncliptrain00177.avi,StandUp
actioncliptrain00187.avi,StandUp
actioncliptrain00193.avi,StandUp
actioncliptrain00195.avi,StandUp
actioncliptrain00209.avi,StandUp
actioncliptrain00222.avi,StandUp
actioncliptrain00227.avi,StandUp
actioncliptrain00237.avi,StandUp
actioncliptrain00238.avi,StandUp
actioncliptrain00255.avi,StandUp
actioncliptrain00256.avi,StandUp
actioncliptrain00272.avi,StandUp
actioncliptrain00273.avi,StandUp
actioncliptrain00274.avi,StandUp
actioncliptrain00280.avi,StandUp
actioncliptrain00283.avi,StandUp
actioncliptrain00295.avi,StandUp
actioncliptrain00322.avi,StandUp
actioncliptrain00324.avi,StandUp
actioncliptrain00325.avi,StandUp
actioncliptrain00326.avi,StandUp
actioncliptrain00330.avi,StandUp
actioncliptrain00341.avi,StandUp
actioncliptrain00342.avi,StandUp
actioncliptrain00345.avi,StandUp
actioncliptrain00354.avi,StandUp
actioncliptrain00356.avi,StandUp
actioncliptrain00372.avi,StandUp
actioncliptrain00386.avi,StandUp
actioncliptrain00388.avi,StandUp
actioncliptrain00405.avi,StandUp
actioncliptrain00406.avi,StandUp
actioncliptrain00408.avi,StandUp
actioncliptrain00411.avi,StandUp
actioncliptrain00435.avi,StandUp
actioncliptrain00438.avi,StandUp
actioncliptrain00439.avi,StandUp
actioncliptrain00447.avi,StandUp
actioncliptrain00456.avi,StandUp
actioncliptrain00458.avi,StandUp
actioncliptrain00472.avi,StandUp
actioncliptrain00476.avi,StandUp
actioncliptrain00480.avi,StandUp
actioncliptrain00482.avi,StandUp
actioncliptrain00486.avi,StandUp
actioncliptrain00506.avi,StandUp
actioncliptrain00508.avi,StandUp
actioncliptrain00512.avi,StandUp
actioncliptrain00539.avi,StandUp
actioncliptrain00544.avi,StandUp
actioncliptrain00545.avi,StandUp
actioncliptrain00547.avi,StandUp
actioncliptrain00550.avi,StandUp
actioncliptrain00551.avi,StandUp
actioncliptrain00554.avi,StandUp
actioncliptrain00556.avi,StandUp
actioncliptrain00557.avi,StandUp
actioncliptrain00559.avi,StandUp
actioncliptrain00566.avi,StandUp
actioncliptrain00567.avi,StandUp
actioncliptrain00582.avi,StandUp
actioncliptrain00593.avi,StandUp
actioncliptrain00616.avi,StandUp
actioncliptrain00625.avi,StandUp
actioncliptrain00634.avi,StandUp
actioncliptrain00640.avi,StandUp
actioncliptrain00641.avi,StandUp
actioncliptrain00651.avi,StandUp
actioncliptrain00654.avi,StandUp
actioncliptrain00656.avi,StandUp
actioncliptrain00657.avi,StandUp
actioncliptrain00663.avi,StandUp
actioncliptrain00675.avi,StandUp
actioncliptrain00689.avi,StandUp
actioncliptrain00695.avi,StandUp
actioncliptrain00698.avi,StandUp
actioncliptrain00704.avi,StandUp
actioncliptrain00708.avi,StandUp
actioncliptrain00711.avi,StandUp
actioncliptrain00712.avi,StandUp
actioncliptrain00716.avi,StandUp
actioncliptrain00720.avi,StandUp
actioncliptrain00728.avi,StandUp
actioncliptrain00731.avi,StandUp
actioncliptrain00734.avi,StandUp
actioncliptrain00737.avi,StandUp
actioncliptrain00760.avi,StandUp
actioncliptrain00765.avi,StandUp
actioncliptrain00767.avi,StandUp
actioncliptrain00770.avi,StandUp
actioncliptrain00774.avi,StandUp
actioncliptrain00782.avi,StandUp
actioncliptrain00787.avi,StandUp
actioncliptrain00803.avi,StandUp
actioncliptrain00805.avi,StandUp
actioncliptrain00809.avi,StandUp
actioncliptrain00816.avi,StandUp
actioncliptrain00817.avi,StandUp
actioncliptrain00819.avi,StandUp
actioncliptrain00820.avi,StandUp
actioncliptrain00823.avi,StandUp
